statement ok
CREATE TABLE Employee( Id INTEGER, BirthDate DATE )

statement ok
INSERT INTO Employee VALUES( 77, '1970-01-01')

statement ok
INSERT INTO Employee VALUES( 88, '1971-12-13')

query IT rowsort
SELECT * FROM Employee WHERE     BirthDate  =                 DATE '1970-01-01'
----
77
1970-01-01

query IT rowsort
SELECT * FROM Employee WHERE NOT BirthDate <>                 DATE '1970-01-01'
----
77
1970-01-01

query IT rowsort
SELECT * FROM Employee WHERE     BirthDate     BETWEEN DATE '1970-01-01' AND DATE '1970-01-01'
----
77
1970-01-01

query IT rowsort
SELECT * FROM Employee WHERE NOT BirthDate NOT BETWEEN DATE '1970-01-01' AND DATE '1970-01-01'
----
77
1970-01-01

statement ok
DROP TABLE Employee

